[
  ~[if#sec.security.pagenone=/admin/teacherschedules/classattendance.html]
  [else#sec]
	~[tlist_sql; 
    SELECT
        cc.ID AS ccId,
        att.Dcid AS attDcid,
        TO_CHAR(attc.ATT_Code) AS attcd,
        TO_CHAR(attc.description) AS attdescr,
        DECODE (LOWER(attc.Presence_Status_CD), 'absent', 'a',
                                                'present','p') AS attstatus,
        MAX(CASE
          WHEN LENGTH(TRIM(TO_CHAR(att.Att_Comment))) > 0 THEN 1
          WHEN LENGTH(TRIM(TO_CHAR(attt.AttTm_Comment))) > 0 THEN 1
          ELSE 0
        END) AS hascomment,
        MAX(CASE
          WHEN attt.Time_In IS NULL AND attt.Time_Out IS NULL THEN 0
          WHEN attt.Time_In > 0 THEN 1
          WHEN attt.Time_Out > 0 THEN 1
          ELSE 0
        END) AS hastimeinout
    FROM Students s
    JOIN Attendance att
      ON s.ID = att.StudentID
     AND s.SchoolId = att.SchoolId
     AND TRUNC(att.Att_Date) = TRUNC(TO_DATE('~(gpv.att_date;sqlText)'))
     AND att.Att_Mode_Code = 'ATT_ModeDaily'
    JOIN Attendance_Code attc
      ON att.Attendance_CodeID = attc.ID
     AND s.SchoolId = attc.SchoolId
    LEFT OUTER JOIN Attendance_Time attt
      ON att.Id = attt.AttendanceID
    JOIN CC cc
      ON att.StudentID = cc.StudentID
     AND s.SchoolId = cc.SchoolId 
     AND FLOOR(ABS(cc.TermID)/100) = ~(curyearid)
     AND ( TO_CHAR(ABS(cc.SectionID)) LIKE TO_CHAR('~(gpv.sectionid;num)')
           OR 'multimeeting' LIKE LOWER('~(gpv.pagetype;sqlText)') )
  
    WHERE s.SchoolID = ~(curschoolid)
      AND attc.ATT_Code IS NOT NULL

    GROUP BY cc.ID, att.Dcid, TO_CHAR(attc.ATT_Code),
             TO_CHAR(attc.description), attc.Presence_Status_CD
  
    ORDER BY cc.Id
	]
    {"ccId":"~(ccId)","attdcid":"~(attDcid)","attcd":"~(attcd)","attdescr":"~(attdescr)","attstatus":"~(attstatus)","hascomment":"~(hascomment)","hastimeinout":"~(hastimeinout)"},
	[/tlist_sql]
	[/if#sec]
{}]
